clade	gene	site	alt
La1	nuc	6406	T
La1	nuc	24294	T
La1	nuc	29462	T
La1	nuc	30756	A
La2	nuc	3943	A
La2	nuc	24421	A
La2	nuc	44823	C
La2	nuc	47976	T
lineage1	nuc	6112	C
lineage1	nuc	8452	T
lineage1	nuc	13298	C
lineage1	nuc	22961	G
lineage2	nuc	11820	G
lineage2	nuc	14861	T
lineage2	nuc	36008	C
lineage2	nuc	37305	G
lineage3	nuc	12204	A
lineage3	nuc	26957	G
lineage3	nuc	53422	A
lineage3	nuc	54842	T
lineage4	nuc	15117	C
lineage4	nuc	42281	C
lineage4	nuc	70267	G
lineage4	nuc	123520	T
lineage5	nuc	3192	G
lineage5	nuc	9566	T
lineage5	nuc	13579	T
lineage5	nuc	16720	G
lineage6	nuc	89113	G
lineage6	nuc	92016	G
lineage6	nuc	106217	A
lineage6	nuc	111651	A
